sunday,asset,tz,price_09,max_offset_min,price_12,pct_12,price_13,pct_13,price_14,pct_14,price_15,pct_15,price_16,pct_16,price_17,pct_17,price_18,pct_18,price_19,pct_19,price_20,pct_20,price_21,pct_21,price_22,pct_22,price_23,pct_23,price_24,pct_24
2025-01-12,BTC,EST,94606.0000,0,95005.0000,0.4217,95108.0000,0.5306,94963.0000,0.3774,94610.0000,0.0042,94660.0000,0.0571,94294.0000,-0.3298,93938.0000,-0.7061,94498.0000,-0.1142,95261.0000,0.6923,94173.0000,-0.4577,94173.0000,-0.4577,94224.0000,-0.4038,94433.0000,-0.1829
2025-01-12,SOL,EST,188.0500,0,189.9900,1.0316,189.9000,0.9838,189.5800,0.8136,188.9000,0.4520,189.3400,0.6860,188.4400,0.2074,186.9900,-0.5637,188.5000,0.2393,190.6300,1.3720,187.4200,-0.3350,185.7600,-1.2178,185.0200,-1.6113,185.3700,-1.4252
2025-01-19,BTC,EST,104805.0000,0,104823.0000,0.0172,104988.0000,0.1746,104902.0000,0.0926,106056.0000,1.1936,106159.0000,1.2919,103546.0000,-1.2013,103298.0000,-1.4379,101191.0000,-3.4483,99725.0000,-4.8471,100545.0000,-4.0647,101783.0000,-2.8835,101801.0000,-2.8663,102111.0000,-2.5705
2025-01-19,SOL,EST,282.8100,0,268.9400,-4.9044,271.3500,-4.0522,272.2100,-3.7481,269.5000,-4.7063,277.6400,-1.8281,255.2100,-9.7592,252.9400,-10.5619,252.4000,-10.7528,236.0600,-16.5305,241.9500,-14.4479,232.0200,-17.9591,241.3800,-14.6494,243.6600,-13.8432
2025-01-26,BTC,EST,104943.0000,0,104927.0000,-0.0152,104940.0000,-0.0029,105162.0000,0.2087,105076.0000,0.1267,104933.0000,-0.0095,104557.0000,-0.3678,104321.0000,-0.5927,102573.0000,-2.2584,101737.0000,-3.0550,101224.0000,-3.5438,100914.0000,-3.8392,101358.0000,-3.4161,100357.0000,-4.3700
2025-01-26,SOL,EST,255.2200,0,255.3500,0.0509,256.2100,0.3879,256.7500,0.5995,256.2900,0.4192,253.5000,-0.6739,249.2100,-2.3548,247.1500,-3.1620,240.4900,-5.7715,237.5900,-6.9078,235.8200,-7.6013,234.9900,-7.9265,235.8100,-7.6052,231.0400,-9.4742
2025-02-02,BTC,EST,98746.0000,0,98229.0000,-0.5236,97141.0000,-1.6254,97011.0000,-1.7570,98215.0000,-0.5377,97772.0000,-0.9864,96989.0000,-1.7793,97962.0000,-0.7940,97670.0000,-1.0897,96492.0000,-2.2826,93428.0000,-5.3855,93470.0000,-5.3430,94084.0000,-4.7212,92929.0000,-5.8909
2025-02-02,SOL,EST,212.8400,0,206.6600,-2.9036,203.1900,-4.5339,197.6600,-7.1321,203.5300,-4.3742,203.0200,-4.6138,202.1900,-5.0038,203.6800,-4.3037,203.5200,-4.3789,198.3400,-6.8126,184.8600,-13.1460,187.9500,-11.6942,197.9200,-7.0100,189.8700,-10.7921
2025-02-09,BTC,EST,95905.0000,0,96486.0000,0.6058,96214.0000,0.3222,96241.0000,0.3503,96083.0000,0.1856,96348.0000,0.4619,95161.0000,-0.7758,95858.0000,-0.0490,96533.0000,0.6548,96773.0000,0.9051,95593.0000,-0.3253,95870.0000,-0.0365,96825.0000,0.9593,97014.0000,1.1564
2025-02-09,SOL,EST,196.9600,0,202.0000,2.5589,199.9700,1.5282,200.1400,1.6145,199.0700,1.0713,199.4100,1.2439,195.1600,-0.9139,197.2100,0.1269,200.4700,1.7821,203.9900,3.5693,198.3600,0.7108,198.8800,0.9748,201.9700,2.5437,200.9900,2.0461
2025-02-16,BTC,EST,96829.0000,0,97066.0000,0.2448,96997.0000,0.1735,96885.0000,0.0578,97073.0000,0.2520,96933.0000,0.1074,97186.0000,0.3687,96880.0000,0.0527,96066.0000,-0.7880,96324.0000,-0.5215,96522.0000,-0.3171,96235.0000,-0.6135,96234.0000,-0.6145,96043.0000,-0.8117
2025-02-16,SOL,EST,190.7300,0,190.3400,-0.2045,190.0300,-0.3670,189.2700,-0.7655,189.2200,-0.7917,188.3000,-1.2741,188.9600,-0.9280,188.8400,-0.9909,188.2600,-1.2950,189.0100,-0.9018,189.1300,-0.8389,187.1400,-1.8822,186.3300,-2.3069,183.1900,-3.9532
2025-02-23,BTC,EST,95960.0000,0,95443.0000,-0.5388,95658.0000,-0.3147,95758.0000,-0.2105,95767.0000,-0.2011,95791.0000,-0.1761,95770.0000,-0.1980,95801.0000,-0.1657,96264.0000,0.3168,96255.0000,0.3074,95979.0000,0.0198,95818.0000,-0.1480,95425.0000,-0.5575,95295.0000,-0.6930
2025-02-23,SOL,EST,169.6700,0,166.9800,-1.5854,168.2200,-0.8546,167.8700,-1.0609,167.7100,-1.1552,167.7000,-1.1611,168.0600,-0.9489,167.3300,-1.3791,167.9400,-1.0196,166.6200,-1.7976,163.6300,-3.5599,162.6600,-4.1315,161.0200,-5.0981,158.7800,-6.4183
2025-03-02,BTC,EST,85679.0000,0,91254.0000,6.5068,94152.0000,9.8892,92776.0000,8.2832,93527.0000,9.1598,94347.0000,10.1168,94238.0000,9.9896,94251.0000,10.0048,94272.0000,10.0293,93294.0000,8.8878,93041.0000,8.5925,93284.0000,8.8762,92675.0000,8.1654,92839.0000,8.3568
2025-03-02,SOL,EST,141.5800,0,172.1300,21.5779,171.4100,21.0694,168.8200,19.2400,172.1700,21.6062,175.5800,24.0147,175.5300,23.9794,176.7800,24.8623,178.7200,26.2325,174.3500,23.1459,172.4400,21.7969,171.4700,21.1117,169.8900,19.9958,169.5000,19.7203
2025-03-09,BTC,EDT,84531.0000,0,83038.0000,-1.7662,82505.0000,-2.3968,82357.0000,-2.5718,82663.0000,-2.2098,82615.0000,-2.2666,83078.0000,-1.7189,81829.0000,-3.1965,80357.0000,-4.9378,80728.0000,-4.4989,81268.0000,-3.8601,81777.0000,-3.2580,82224.0000,-2.7292,82031.0000,-2.9575
2025-03-09,SOL,EDT,135.4800,0,130.1600,-3.9268,127.9300,-5.5728,126.5200,-6.6135,127.6000,-5.8164,129.1900,-4.6428,128.3200,-5.2849,127.9000,-5.5949,126.9300,-6.3109,126.5200,-6.6135,127.4000,-5.9640,127.3500,-6.0009,127.5400,-5.8606,126.5900,-6.5619
2025-03-16,BTC,EDT,82724.0000,0,83323.0000,0.7241,83656.0000,1.1266,83948.0000,1.4796,83692.0000,1.1702,83105.0000,0.4606,83209.0000,0.5863,82725.0000,0.0012,82091.0000,-0.7652,82569.0000,-0.1874,83051.0000,0.3953,83227.0000,0.6080,83317.0000,0.7168,83713.0000,1.1955
2025-03-16,SOL,EDT,129.5300,0,128.7700,-0.5867,129.3100,-0.1698,129.9100,0.2934,128.7700,-0.5867,126.9400,-1.9995,127.1300,-1.8529,126.5100,-2.3315,125.7600,-2.9105,126.1300,-2.6249,127.7400,-1.3819,128.2700,-0.9727,127.7800,-1.3510,128.9600,-0.4401
2025-03-23,BTC,EDT,84705.0000,0,85176.0000,0.5560,85251.0000,0.6446,85011.0000,0.3613,84965.0000,0.3069,84996.0000,0.3435,85075.0000,0.4368,85187.0000,0.5690,85355.0000,0.7674,86084.0000,1.6280,86015.0000,1.5465,85576.0000,1.0283,85884.0000,1.3919,86550.0000,2.1781
2025-03-23,SOL,EDT,133.2600,0,132.5200,-0.5553,131.9700,-0.9680,131.2700,-1.4933,130.7900,-1.8535,130.5400,-2.0411,130.6400,-1.9661,131.1100,-1.6134,131.4100,-1.3883,132.8500,-0.3077,134.7200,1.0956,132.9900,-0.2026,134.9500,1.2682,138.1600,3.6770
2025-03-30,BTC,EDT,83043.0000,0,82709.0000,-0.4022,82277.0000,-0.9224,82389.0000,-0.7875,82688.0000,-0.4275,82538.0000,-0.6081,82601.0000,-0.5323,82221.0000,-0.9898,82404.0000,-0.7695,82367.0000,-0.8140,81618.0000,-1.7160,81955.0000,-1.3102,81913.0000,-1.3607,81508.0000,-1.8484
2025-03-30,SOL,EDT,125.0700,0,124.9200,-0.1199,123.7000,-1.0954,124.5200,-0.4398,126.2300,0.9275,125.8400,0.6157,125.3600,0.2319,124.7600,-0.2479,125.0800,0.0080,124.8300,-0.1919,123.8200,-0.9994,126.2200,0.9195,126.5800,1.2073,124.5700,-0.3998
2025-04-06,BTC,EDT,82690.0000,0,82532.0000,-0.1911,81950.0000,-0.8949,80788.0000,-2.3002,79005.0000,-4.4564,79596.0000,-3.7417,78809.0000,-4.6934,78901.0000,-4.5822,77994.0000,-5.6790,78381.0000,-5.2110,78299.0000,-5.3102,79086.0000,-4.3584,78390.0000,-5.2001,77665.0000,-6.0769
2025-04-06,SOL,EDT,116.4500,0,114.9600,-1.2795,114.0300,-2.0781,111.4300,-4.3109,107.6900,-7.5225,108.0800,-7.1876,106.5400,-8.5101,106.9400,-8.1666,105.9800,-8.9910,105.9000,-9.0597,104.8000,-10.0043,107.4500,-7.7286,105.9300,-9.0339,103.2700,-11.3182
2025-04-13,BTC,EDT,84451.0000,0,83830.0000,-0.7353,84201.0000,-0.2960,84748.0000,0.3517,84711.0000,0.3079,83973.0000,-0.5660,83480.0000,-1.1498,83577.0000,-1.0349,83314.0000,-1.3463,83774.0000,-0.8016,84310.0000,-0.1670,84224.0000,-0.2688,85111.0000,0.7815,84578.0000,0.1504
2025-04-13,SOL,EDT,129.7900,0,128.7100,-0.8321,129.6100,-0.1387,131.6200,1.4100,131.4100,1.2482,128.2200,-1.2096,126.7200,-2.3654,127.4000,-1.8414,127.1600,-2.0264,128.3800,-1.0864,130.3300,0.4161,130.6300,0.6472,133.4200,2.7968,131.7400,1.5024
2025-04-20,BTC,EDT,84369.0000,0,84360.0000,-0.0107,84610.0000,0.2856,84583.0000,0.2536,84587.0000,0.2584,84647.0000,0.3295,85179.0000,0.9601,85006.0000,0.7550,84884.0000,0.6104,85197.0000,0.9814,86633.0000,2.6835,87323.0000,3.5013,87393.0000,3.5843,87191.0000,3.3448
2025-04-20,SOL,EDT,136.9200,0,135.9400,-0.7157,136.9300,0.0073,136.3600,-0.4090,136.4800,-0.3214,137.1900,0.1972,137.2500,0.2410,137.5000,0.4236,136.7800,-0.1022,137.8600,0.6865,141.1900,3.1186,141.7000,3.4911,140.2200,2.4102,139.3900,1.8040
2025-04-27,BTC,EDT,93765.0000,0,93937.0000,0.1834,93911.0000,0.1557,94080.0000,0.3359,94318.0000,0.5898,94470.0000,0.7519,94305.0000,0.5759,94374.0000,0.6495,93970.0000,0.2186,93780.0000,0.0160,93433.0000,-0.3541,92973.0000,-0.8447,93651.0000,-0.1216,93875.0000,0.1173
2025-04-27,SOL,EDT,147.8300,0,149.0200,0.8050,148.5700,0.5006,149.1800,0.9132,149.7300,1.2853,150.0200,1.4814,148.7400,0.6156,149.3400,1.0214,148.5400,0.4803,147.9700,0.0947,147.0500,-0.5276,144.9800,-1.9279,146.0900,-1.1770,148.3800,0.3720
2025-05-04,BTC,EDT,95484.0000,0,95475.0000,-0.0094,95354.0000,-0.1361,95415.0000,-0.0723,95401.0000,-0.0869,95594.0000,0.1152,95731.0000,0.2587,95698.0000,0.2241,95027.0000,-0.4786,94301.0000,-1.2390,94723.0000,-0.7970,93928.0000,-1.6296,94245.0000,-1.2976,94074.0000,-1.4767
2025-05-04,SOL,EDT,145.5400,0,146.8300,0.8864,146.8300,0.8864,147.1700,1.1200,146.5600,0.7008,146.1800,0.4397,146.9600,0.9757,147.0900,1.0650,145.1600,-0.2611,143.9400,-1.0994,145.1600,-0.2611,143.2200,-1.5941,144.7600,-0.5359,144.9100,-0.4329
2025-05-11,BTC,EDT,104612.0000,0,104163.0000,-0.4292,104010.0000,-0.5755,104063.0000,-0.5248,104564.0000,-0.0459,104465.0000,-0.1405,104319.0000,-0.2801,104407.0000,-0.1960,103838.0000,-0.7399,104138.0000,-0.4531,104634.0000,0.0210,104009.0000,-0.5764,103907.0000,-0.6739,104104.0000,-0.4856
2025-05-11,SOL,EDT,174.0600,0,170.4800,-2.0568,170.5300,-2.0280,171.8900,-1.2467,172.6700,-0.7986,172.7200,-0.7698,172.3400,-0.9882,173.1600,-0.5171,171.9500,-1.2122,173.2000,-0.4941,174.5100,0.2585,173.7400,-0.1838,174.0000,-0.0345,174.9000,0.4826
2025-05-18,BTC,EDT,103970.0000,0,105550.0000,1.5197,105840.0000,1.7986,104884.0000,0.8791,104548.0000,0.5559,103912.0000,-0.0558,104117.0000,0.1414,104252.0000,0.2712,105975.0000,1.9284,106520.0000,2.4526,105284.0000,1.2638,105078.0000,1.0657,104655.0000,0.6588,103639.0000,-0.3184
2025-05-18,SOL,EDT,171.6800,0,176.2600,2.6678,175.8500,2.4289,172.2500,0.3320,170.2500,-0.8329,166.6400,-2.9357,167.1600,-2.6328,167.5700,-2.3940,170.1000,-0.9203,173.3000,0.9436,168.0600,-2.1086,167.8300,-2.2425,166.8300,-2.8250,165.3500,-3.6871
2025-05-25,BTC,EDT,107538.0000,0,107000.0000,-0.5003,107227.0000,-0.2892,107406.0000,-0.1227,107449.0000,-0.0828,107759.0000,0.2055,107700.0000,0.1506,107510.0000,-0.0260,109219.0000,1.5632,109114.0000,1.4655,109596.0000,1.9137,109586.0000,1.9044,109438.0000,1.7668,109678.0000,1.9900
2025-05-25,SOL,EDT,172.5900,0,170.2900,-1.3326,170.0700,-1.4601,170.9600,-0.9444,171.6400,-0.5504,172.5300,-0.0348,171.9200,-0.3882,171.5200,-0.6200,174.8900,1.3326,175.7500,1.8309,177.5600,2.8797,176.5400,2.2887,176.0700,2.0163,177.0200,2.5668
2025-06-01,BTC,EDT,104015.0000,0,104758.0000,0.7143,105099.0000,1.0422,105123.0000,1.0652,104940.0000,0.8893,105175.0000,1.1152,105009.0000,0.9556,105550.0000,1.4757,105567.0000,1.4921,105677.0000,1.5978,105483.0000,1.4113,105451.0000,1.3806,105088.0000,1.0316,104900.0000,0.8508
2025-06-01,SOL,EDT,151.0900,0,154.1800,2.0451,155.8800,3.1703,156.3300,3.4681,154.7200,2.4025,155.8800,3.1703,155.6800,3.0379,156.9000,3.8454,157.2000,4.0439,157.6800,4.3616,157.8100,4.4477,158.0600,4.6131,156.8600,3.8189,155.4600,2.8923
2025-06-08,BTC,EDT,105746.0000,0,106046.0000,0.2837,106228.0000,0.4558,106154.0000,0.3858,106363.0000,0.5835,106357.0000,0.5778,106207.0000,0.4360,106396.0000,0.6147,105795.0000,0.0463,105791.0000,0.0426,105745.0000,-0.0009,105578.0000,-0.1589,105613.0000,-0.1258,105697.0000,-0.0463
2025-06-08,SOL,EDT,149.5400,0,150.6900,0.7690,152.2100,1.7855,153.1500,2.4141,153.8600,2.8889,154.4700,3.2968,154.2700,3.1630,154.4200,3.2633,152.9400,2.2736,152.4500,1.9460,152.3800,1.8992,151.9600,1.6183,151.7200,1.4578,151.5400,1.3374
2025-06-15,BTC,EDT,105310.0000,0,105605.0000,0.2801,105593.0000,0.2687,105721.0000,0.3903,105504.0000,0.1842,105324.0000,0.0133,104739.0000,-0.5422,104799.0000,-0.4852,105295.0000,-0.0142,105612.0000,0.2868,105457.0000,0.1396,105825.0000,0.4890,105806.0000,0.4710,105943.0000,0.6011
2025-06-15,SOL,EDT,147.6800,0,150.8400,2.1398,151.9400,2.8846,152.2400,3.0878,152.7000,3.3992,152.2300,3.0810,148.8400,0.7855,150.5400,1.9366,152.0700,2.9726,152.9700,3.5821,152.0100,2.9320,156.5500,6.0062,155.7100,5.4374,155.5900,5.3562
2025-06-22,BTC,EDT,102790.0000,0,98954.0000,-3.7319,99688.0000,-3.0178,99519.0000,-3.1822,99467.0000,-3.2328,98923.0000,-3.7620,99584.0000,-3.1190,99209.0000,-3.4838,101028.0000,-1.7142,100990.0000,-1.7511,100966.0000,-1.7745,101139.0000,-1.6062,101301.0000,-1.4486,101226.0000,-1.5215
2025-06-22,SOL,EDT,133.5300,0,128.5600,-3.7220,129.8100,-2.7859,130.4800,-2.2841,129.4300,-3.0705,129.0700,-3.3401,129.5500,-2.9806,129.0200,-3.3775,132.1500,-1.0335,131.7100,-1.3630,132.5300,-0.7489,133.0500,-0.3595,132.8400,-0.5167,132.6700,-0.6441
2025-06-29,BTC,EDT,108228.0000,0,107790.0000,-0.4047,107589.0000,-0.5904,107579.0000,-0.5997,107677.0000,-0.5091,107412.0000,-0.7540,107394.0000,-0.7706,107560.0000,-0.6172,108105.0000,-0.1136,108389.0000,0.1488,108741.0000,0.4740,108554.0000,0.3012,108517.0000,0.2670,108559.0000,0.3058
2025-06-29,SOL,EDT,151.8600,0,150.7600,-0.7244,150.5100,-0.8890,151.4200,-0.2897,151.8800,0.0132,151.1900,-0.4412,150.8500,-0.6651,151.6700,-0.1251,152.9100,0.6914,153.3200,0.9614,152.5900,0.4807,152.0400,0.1185,152.0100,0.0988,151.7700,-0.0593
2025-07-06,BTC,EDT,108272.0000,0,108926.0000,0.6040,108878.0000,0.5597,108933.0000,0.6105,108482.0000,0.1940,108573.0000,0.2780,108712.0000,0.4064,109240.0000,0.8940,109265.0000,0.9171,109231.0000,0.8857,108846.0000,0.5301,109051.0000,0.7195,109391.0000,1.0335,109409.0000,1.0501
2025-07-06,SOL,EDT,149.0200,0,151.5300,1.6843,153.1100,2.7446,152.4800,2.3218,151.3900,1.5904,151.2800,1.5166,151.4500,1.6307,152.2400,2.1608,152.4800,2.3218,151.8600,1.9058,151.1200,1.4092,151.2300,1.4830,152.0400,2.0266,151.8600,1.9058
2025-07-13,BTC,EDT,118454.0000,0,118723.0000,0.2271,118567.0000,0.0954,118747.0000,0.2474,119027.0000,0.4837,119004.0000,0.4643,119103.0000,0.5479,118692.0000,0.2009,118578.0000,0.1047,119140.0000,0.5791,119126.0000,0.5673,119140.0000,0.5791,119687.0000,1.0409,120772.0000,1.9569
2025-07-13,SOL,EDT,162.6700,0,162.0400,-0.3873,160.9300,-1.0697,162.6800,0.0061,163.0800,0.2520,162.5300,-0.0861,162.5600,-0.0676,160.5500,-1.3033,160.7900,-1.1557,161.1500,-0.9344,161.6400,-0.6332,162.8000,0.0799,164.9000,1.3709,167.1100,2.7295
2025-07-20,BTC,EDT,118131.0000,0,118746.0000,0.5206,118589.0000,0.3877,118155.0000,0.0203,118406.0000,0.2328,118218.0000,0.0736,118137.0000,0.0051,118062.0000,-0.0584,117561.0000,-0.4825,117220.0000,-0.7712,117407.0000,-0.6129,117378.0000,-0.6374,118241.0000,0.0931,118450.0000,0.2700
2025-07-20,SOL,EDT,181.7800,0,181.9700,0.1045,182.1000,0.1760,180.5800,-0.6601,182.2500,0.2586,182.0000,0.1210,181.2500,-0.2916,182.3100,0.2916,180.5100,-0.6986,181.4400,-0.1870,180.2300,-0.8527,180.0900,-0.9297,184.3400,1.4083,186.7100,2.7121
2025-07-27,BTC,EDT,118167.0000,0,118626.0000,0.3884,119118.0000,0.8048,119246.0000,0.9131,119073.0000,0.7667,119008.0000,0.7117,118802.0000,0.5374,119296.0000,0.9554,119544.0000,1.1653,119514.0000,1.1399,119269.0000,0.9326,119077.0000,0.7701,119464.0000,1.0976,119305.0000,0.9630
2025-07-27,SOL,EDT,186.4200,0,186.4800,0.0322,187.6700,0.6705,188.0700,0.8851,188.3900,1.0568,186.9200,0.2682,187.1300,0.3809,187.9600,0.8261,188.9300,1.3464,188.6400,1.1909,189.7100,1.7648,188.3100,1.0138,191.5600,2.7572,193.3400,3.7120
2025-08-03,BTC,EDT,114017.0000,0,113950.0000,-0.0588,114001.0000,-0.0140,114128.0000,0.0974,114398.0000,0.3342,114315.0000,0.2614,114412.0000,0.3464,114462.0000,0.3903,114319.0000,0.2649,114245.0000,0.2000,114907.0000,0.7806,114679.0000,0.5806,114820.0000,0.7043,114596.0000,0.5078
2025-08-03,SOL,EDT,161.8100,0,162.1000,0.1792,162.1900,0.2348,162.1600,0.2163,161.9700,0.0989,161.6400,-0.1051,161.4700,-0.2101,162.0300,0.1360,161.9200,0.0680,161.9800,0.1051,164.5600,1.6995,163.3400,0.9456,164.3300,1.5574,162.9800,0.7231
2025-08-10,BTC,EDT,118511.0000,0,118817.0000,0.2582,118663.0000,0.1283,118509.0000,-0.0017,118555.0000,0.0371,118675.0000,0.1384,118341.0000,-0.1434,118725.0000,0.1806,119067.0000,0.4692,119312.0000,0.6759,119148.0000,0.5375,119999.0000,1.2556,121876.0000,2.8394,121705.0000,2.6951
2025-08-10,SOL,EDT,179.5300,0,181.5400,1.1196,182.2600,1.5206,181.6800,1.1976,182.7100,1.7713,182.8000,1.8214,182.7400,1.7880,183.5000,2.2113,183.1400,2.0108,182.6700,1.7490,181.5000,1.0973,183.7000,2.3227,185.2600,3.1917,185.1300,3.1193
2025-08-17,BTC,EDT,118221.0000,0,118318.0000,0.0820,117877.0000,-0.2910,117975.0000,-0.2081,117612.0000,-0.5151,117633.0000,-0.4974,117699.0000,-0.4415,117777.0000,-0.3756,118033.0000,-0.1590,117465.0000,-0.6395,117373.0000,-0.7173,116307.0000,-1.6190,115532.0000,-2.2746,115388.0000,-2.3964
2025-08-17,SOL,EDT,192.2300,0,195.4800,1.6907,193.2200,0.5150,193.3800,0.5982,192.1100,-0.0624,191.1700,-0.5514,191.1200,-0.5774,191.2400,-0.5150,193.1000,0.4526,191.0000,-0.6399,190.1600,-1.0768,186.5300,-2.9652,183.9400,-4.3125,182.6700,-4.9732
2025-08-24,BTC,EDT,114627.0000,0,114368.0000,-0.2260,114233.0000,-0.3437,114384.0000,-0.2120,114590.0000,-0.0323,112559.0000,-1.8041,112769.0000,-1.6209,112984.0000,-1.4333,113451.0000,-1.0259,113491.0000,-0.9910,112632.0000,-1.7404,113076.0000,-1.3531,113381.0000,-1.0870,112897.0000,-1.5092
2025-08-24,SOL,EDT,204.3700,0,205.6200,0.6116,206.6100,1.0961,209.3500,2.4368,211.2300,3.3567,205.0100,0.3132,203.6400,-0.3572,204.4100,0.0196,205.0900,0.3523,205.9900,0.7927,203.4900,-0.4306,206.9500,1.2624,212.5500,4.0025,209.2400,2.3829
2025-08-31,BTC,EDT,108329.0000,0,108810.0000,0.4440,108935.0000,0.5594,109010.0000,0.6286,109160.0000,0.7671,108946.0000,0.5696,109129.0000,0.7385,109054.0000,0.6693,108909.0000,0.5354,108268.0000,-0.0563,108245.0000,-0.0775,108164.0000,-0.1523,107637.0000,-0.6388,107654.0000,-0.6231
2025-08-31,SOL,EDT,203.3800,0,204.5800,0.5900,205.1200,0.8555,204.9500,0.7720,205.6700,1.1260,204.6100,0.6048,204.8300,0.7130,205.3800,0.9834,203.7400,0.1770,200.6200,-1.3571,200.4400,-1.4456,200.9700,-1.1850,197.5300,-2.8764,198.4100,-2.4437
2025-09-07,BTC,EDT,111136.0000,0,111332.0000,0.1764,111207.0000,0.0639,110979.0000,-0.1413,111060.0000,-0.0684,111266.0000,0.1170,111333.0000,0.1773,111062.0000,-0.0666,111258.0000,0.1098,111144.0000,0.0072,110835.0000,-0.2708,110888.0000,-0.2232,111250.0000,0.1026,111024.0000,-0.1008
2025-09-07,SOL,EDT,203.7800,0,205.2000,0.6968,203.4600,-0.1570,201.9700,-0.8882,202.1400,-0.8048,203.0800,-0.3435,204.9300,0.5643,204.6800,0.4417,207.1000,1.6292,206.3500,1.2612,205.6700,0.9275,206.8900,1.5262,207.8200,1.9825,207.6400,1.8942
2025-09-14,BTC,EDT,115840.0000,0,115289.0000,-0.4757,115538.0000,-0.2607,115609.0000,-0.1994,115448.0000,-0.3384,115685.0000,-0.1338,115852.0000,0.0104,116118.0000,0.2400,116065.0000,0.1942,115316.0000,-0.4523,115118.0000,-0.6233,115280.0000,-0.4834,115416.0000,-0.3660,115478.0000,-0.3125
2025-09-14,SOL,EDT,245.2700,0,243.8100,-0.5953,245.1600,-0.0448,247.9300,1.0845,244.6700,-0.2446,242.5000,-1.1294,242.4500,-1.1498,244.1500,-0.4566,242.9800,-0.9337,239.7500,-2.2506,240.6900,-1.8673,241.1200,-1.6920,242.1000,-1.2925,242.6500,-1.0682
2025-09-21,BTC,EDT,115742.0000,0,115594.0000,-0.1279,115390.0000,-0.3041,115697.0000,-0.0389,115600.0000,-0.1227,115554.0000,-0.1624,115382.0000,-0.3110,115469.0000,-0.2359,115597.0000,-0.1253,115275.0000,-0.4035,114457.0000,-1.1102,114341.0000,-1.2105,114268.0000,-1.2735,114707.0000,-0.8942
2025-09-21,SOL,EDT,239.4900,0,237.9100,-0.6597,237.0400,-1.0230,237.8300,-0.6931,238.1200,-0.5720,237.9900,-0.6263,237.6400,-0.7725,237.2800,-0.9228,237.9300,-0.6514,236.1600,-1.3905,232.2700,-3.0147,233.1800,-2.6348,231.7000,-3.2527,232.8100,-2.7893
2025-09-28,BTC,EDT,109356.0000,0,110067.0000,0.6502,110243.0000,0.8111,110235.0000,0.8038,110305.0000,0.8678,110357.0000,0.9154,110841.0000,1.3580,110873.0000,1.3872,111963.0000,2.3840,112203.0000,2.6034,112296.0000,2.6885,111886.0000,2.3135,111794.0000,2.2294,111904.0000,2.3300
2025-09-28,SOL,EDT,198.4300,0,203.4300,2.5198,204.0500,2.8322,205.0500,3.3362,206.1300,3.8805,206.1800,3.9057,206.8200,4.2282,207.2300,4.4348,209.5500,5.6040,210.8300,6.2491,209.1900,5.4226,209.4100,5.5334,209.7000,5.6796,210.2700,5.9668
2025-10-05,BTC,EDT,123113.0000,0,122841.0000,-0.2209,123298.0000,0.1503,123102.0000,-0.0089,123045.0000,-0.0552,122629.0000,-0.3931,122730.0000,-0.3111,122767.0000,-0.2810,123272.0000,0.1291,123519.0000,0.3298,123404.0000,0.2364,124089.0000,0.7928,124175.0000,0.8626,123903.0000,0.6417
2025-10-05,SOL,EDT,231.3200,0,230.1300,-0.5144,231.0800,-0.1038,229.6800,-0.7090,228.9800,-1.0116,227.0700,-1.8373,227.9900,-1.4396,228.7100,-1.1283,228.3100,-1.3012,228.5600,-1.1932,228.6900,-1.1370,231.4200,0.0432,232.3700,0.4539,232.2300,0.3934
2025-10-12,BTC,EDT,111841.0000,0,113261.0000,1.2697,114170.0000,2.0824,113897.0000,1.8383,113970.0000,1.9036,114435.0000,2.3194,115013.0000,2.8362,115005.0000,2.8290,115336.0000,3.1250,115089.0000,2.9041,115407.0000,3.1885,115824.0000,3.5613,115438.0000,3.2162,114941.0000,2.7718
2025-10-12,SOL,EDT,181.7000,0,191.2300,5.2449,193.8100,6.6648,194.6100,7.1051,193.8400,6.6813,195.8600,7.7931,196.8000,8.3104,195.6400,7.6720,197.4300,8.6571,196.9900,8.4150,197.2100,8.5360,199.4200,9.7523,196.4600,8.1233,194.8200,7.2207
2025-10-19,BTC,EDT,107623.0000,0,108529.0000,0.8418,108656.0000,0.9598,109175.0000,1.4421,109440.0000,1.6883,108956.0000,1.2386,108907.0000,1.1931,108798.0000,1.0918,109189.0000,1.4551,108683.0000,0.9849,108090.0000,0.4339,108107.0000,0.4497,108813.0000,1.1057,110166.0000,2.3629
2025-10-19,SOL,EDT,188.8900,0,190.7700,0.9953,190.8800,1.0535,190.0300,0.6035,189.9300,0.5506,188.8800,-0.0053,189.6700,0.4129,189.3000,0.2171,189.8300,0.4976,187.8600,-0.5453,185.6200,-1.7312,185.6500,-1.7153,186.8900,-1.0588,191.2100,1.2282
2025-10-26,BTC,EDT,113653.0000,0,113723.0000,0.0616,113509.0000,-0.1267,113461.0000,-0.1689,113591.0000,-0.0546,113596.0000,-0.0502,113332.0000,-0.2824,113490.0000,-0.1434,114685.0000,0.9080,114551.0000,0.7901,114763.0000,0.9767,115304.0000,1.4527,114885.0000,1.0840,115006.0000,1.1905
2025-10-26,SOL,EDT,198.0100,0,199.5300,0.7676,198.7400,0.3687,198.9300,0.4646,199.1200,0.5606,198.8700,0.4343,197.4400,-0.2879,198.4700,0.2323,200.2000,1.1060,200.0300,1.0202,203.2400,2.6413,204.3700,3.2120,203.9600,3.0049,204.3300,3.1918
2025-11-02,BTC,EST,110523.0000,0,110098.0000,-0.3845,110179.0000,-0.3112,110314.0000,-0.1891,110146.0000,-0.3411,110081.0000,-0.3999,109997.0000,-0.4759,109883.0000,-0.5791,110524.0000,0.0009,109751.0000,-0.6985,109674.0000,-0.7682,109025.0000,-1.3554,107936.0000,-2.3407,107887.0000,-2.3850
2025-11-02,SOL,EST,185.0900,0,184.2900,-0.4322,184.4200,-0.3620,184.2500,-0.4538,184.0200,-0.5781,184.5700,-0.2809,185.4900,0.2161,184.9200,-0.0918,187.7100,1.4155,186.5800,0.8050,185.5300,0.2377,183.4700,-0.8752,177.5600,-4.0683,177.9500,-3.8576
2025-11-09,BTC,EST,102895.0000,0,103839.0000,0.9174,103623.0000,0.7075,104501.0000,1.5608,104796.0000,1.8475,104624.0000,1.6804,104518.0000,1.5773,104735.0000,1.7882,104677.0000,1.7319,106286.0000,3.2956,105705.0000,2.7309,106000.0000,3.0176,106023.0000,3.0400,106136.0000,3.1498
2025-11-09,SOL,EST,160.0500,0,162.9400,1.8057,161.8000,1.0934,163.9900,2.4617,166.1600,3.8176,165.3300,3.2990,165.2200,3.2302,165.4400,3.3677,164.5300,2.7991,167.4900,4.6485,167.0800,4.3924,167.7600,4.8172,168.1300,5.0484,168.0400,4.9922
2025-11-16,BTC,EST,95354.0000,0,94163.0000,-1.2490,94309.0000,-1.0959,93992.0000,-1.4284,93972.0000,-1.4493,94045.0000,-1.3728,93440.0000,-2.0073,94110.0000,-1.3046,94186.0000,-1.2249,95241.0000,-0.1185,94724.0000,-0.6607,94901.0000,-0.4751,95438.0000,0.0881,95038.0000,-0.3314
2025-11-16,SOL,EST,139.4600,0,135.7300,-2.6746,135.8300,-2.6029,135.8400,-2.5957,136.8300,-1.8858,136.6500,-2.0149,136.4400,-2.1655,137.3100,-1.5417,137.1700,-1.6420,139.1700,-0.2079,138.2600,-0.8605,138.8900,-0.4087,140.2800,0.5880,140.3600,0.6453
2025-11-23,BTC,EST,86884.0000,0,86657.0000,-0.2613,86710.0000,-0.2003,86964.0000,0.0921,87312.0000,0.4926,87441.0000,0.6411,87968.0000,1.2476,88007.0000,1.2925,86808.0000,-0.0875,86701.0000,-0.2106,87019.0000,0.1554,87480.0000,0.6860,87417.0000,0.6135,86700.0000,-0.2118
2025-11-23,SOL,EST,131.5700,0,131.7800,0.1596,131.3900,-0.1368,132.2000,0.4788,132.3900,0.6232,132.6300,0.8057,133.1500,1.2009,132.6700,0.8361,130.5800,-0.7525,130.8100,-0.5776,131.5000,-0.0532,133.4000,1.3909,133.4200,1.4061,131.3800,-0.1444
2025-11-30,BTC,EST,91766.0000,0,91820.0000,0.0588,91500.0000,-0.2899,91459.0000,-0.3345,91458.0000,-0.3356,91320.0000,-0.4860,91180.0000,-0.6386,91227.0000,-0.5874,90369.0000,-1.5224,87011.0000,-5.1817,87181.0000,-4.9964,86734.0000,-5.4835,86342.0000,-5.9107,85806.0000,-6.4948
2025-11-30,SOL,EST,139.2600,0,139.5200,0.1867,138.4700,-0.5673,138.6100,-0.4668,137.6200,-1.1777,137.2900,-1.4146,137.0300,-1.6013,137.7200,-1.1058,133.4800,-4.1505,127.5700,-8.3944,127.9600,-8.1143,127.5800,-8.3872,126.9700,-8.8252,126.3800,-9.2489
2025-12-07,BTC,EST,89053.0000,0,89904.0000,0.9556,90970.0000,2.1527,91374.0000,2.6063,91435.0000,2.6748,91448.0000,2.6894,90224.0000,1.3149,89603.0000,0.6176,90406.0000,1.5193,90362.0000,1.4699,90916.0000,2.0920,91373.0000,2.6052,91082.0000,2.2784,91289.0000,2.5109
2025-12-07,SOL,EST,131.7200,0,131.9700,0.1898,134.8200,2.3535,136.0500,3.2873,135.7300,3.0443,136.1800,3.3860,133.0900,1.0401,131.2500,-0.3568,132.2500,0.4024,131.6100,-0.0835,133.3700,1.2527,134.0500,1.7689,134.3200,1.9739,135.0600,2.5357
2025-12-14,BTC,EST,89509.0000,0,88834.0000,-0.7541,88812.0000,-0.7787,89009.0000,-0.5586,88660.0000,-0.9485,88566.0000,-1.0535,88463.0000,-1.1686,88442.0000,-1.1921,88170.0000,-1.4959,88485.0000,-1.1440,89261.0000,-0.2771,89313.0000,-0.2190,89292.0000,-0.2424,89667.0000,0.1765
2025-12-14,SOL,EST,131.6400,0,131.0200,-0.4710,130.0400,-1.2154,130.6300,-0.7672,130.3000,-1.0179,130.0300,-1.2230,129.8900,-1.3294,130.1900,-1.1015,129.3900,-1.7092,130.1400,-1.1395,131.1700,-0.3570,131.5300,-0.0836,131.1700,-0.3570,131.8300,0.1443
2025-12-21,BTC,EST,87639.0000,0,88318.0000,0.7748,88286.0000,0.7383,88410.0000,0.8797,88458.0000,0.9345,88210.0000,0.6515,88136.0000,0.5671,88442.0000,0.9163,88637.0000,1.1388,88597.0000,1.0931,88591.0000,1.0863,88451.0000,0.9265,88741.0000,1.2574,88867.0000,1.4012
2025-12-21,SOL,EST,123.6300,0,125.4900,1.5045,125.5000,1.5126,125.1500,1.2295,125.6700,1.6501,125.3500,1.3912,124.8800,1.0111,125.8300,1.7795,126.0300,1.9413,126.2500,2.1192,126.0200,1.9332,125.2300,1.2942,126.0200,1.9332,126.5300,2.3457
2025-12-28,BTC,EST,87819.0000,0,87743.0000,-0.0865,87683.0000,-0.1549,87532.0000,-0.3268,87455.0000,-0.4145,87440.0000,-0.4316,87516.0000,-0.3450,87823.0000,0.0046,87871.0000,0.0592,88210.0000,0.4452,88353.0000,0.6081,89065.0000,1.4188,90010.0000,2.4949,90051.0000,2.5416
2025-12-28,SOL,EST,124.6300,0,124.3000,-0.2648,124.4500,-0.1444,123.1300,-1.2036,123.3000,-1.0672,123.4300,-0.9629,123.8600,-0.6178,124.2400,-0.3129,125.2700,0.5135,127.0000,1.9016,128.7300,3.2897,128.7400,3.2978,128.5800,3.1694,128.5700,3.1614
2026-01-04,BTC,EST,91221.0000,0,91272.0000,0.0559,91303.0000,0.0899,91165.0000,-0.0614,91109.0000,-0.1228,91266.0000,0.0493,91244.0000,0.0252,91176.0000,-0.0493,91498.0000,0.3037,92374.0000,1.2640,92919.0000,1.8614,92998.0000,1.9480,92835.0000,1.7693,92555.0000,1.4624
2026-01-04,SOL,EST,134.5300,0,135.1100,0.4311,134.8300,0.2230,134.2000,-0.2453,133.5500,-0.7285,134.0400,-0.3642,133.9300,-0.4460,134.1700,-0.2676,134.1200,-0.3048,135.5500,0.7582,136.7600,1.6576,136.8800,1.7468,136.6400,1.5684,135.6900,0.8623
2026-01-11,BTC,EST,90730.0000,0,90908.0000,0.1962,90855.0000,0.1378,90752.0000,0.0242,90547.0000,-0.2017,90574.0000,-0.1719,90633.0000,-0.1069,90407.0000,-0.3560,90872.0000,0.1565,91113.0000,0.4221,91281.0000,0.6073,92085.0000,1.4934,91677.0000,1.0438,92039.0000,1.4427
2026-01-11,SOL,EST,137.2400,0,140.0400,2.0402,139.6800,1.7779,140.0200,2.0256,139.4200,1.5885,138.5400,0.9472,138.6900,1.0565,138.2200,0.7141,139.6900,1.7852,141.3200,2.9729,141.0600,2.7834,142.4200,3.7744,142.5400,3.8618,142.7400,4.0076
2026-01-18,BTC,EST,95117.0000,0,95135.0000,0.0189,95226.0000,0.1146,95412.0000,0.3101,95345.0000,0.2397,95273.0000,0.1640,95388.0000,0.2849,95458.0000,0.3585,93627.0000,-1.5665,92681.0000,-2.5611,92534.0000,-2.7156,92530.0000,-2.7198,92651.0000,-2.5926,92620.0000,-2.6252
2026-01-18,SOL,EST,142.3700,0,142.0200,-0.2458,142.3500,-0.0140,142.7600,0.2739,142.2800,-0.0632,142.4700,0.0702,142.6600,0.2037,142.8600,0.3442,137.8700,-3.1608,133.7600,-6.0476,133.8000,-6.0195,133.8100,-6.0125,133.9300,-5.9282,133.6900,-6.0968
2026-01-25,BTC,EST,88784.0000,0,87951.0000,-0.9382,87745.0000,-1.1703,87308.0000,-1.6625,86396.0000,-2.6897,86563.0000,-2.5016,86478.0000,-2.5973,86437.0000,-2.6435,86568.0000,-2.4959,86758.0000,-2.2819,87578.0000,-1.3584,87452.0000,-1.5003,87175.0000,-1.8123,87632.0000,-1.2975
2026-01-25,SOL,EST,126.9700,0,122.7800,-3.3000,122.2200,-3.7410,121.6900,-4.1585,117.9600,-7.0962,118.3300,-6.8048,118.8300,-6.4110,118.4200,-6.7339,118.8500,-6.3952,119.6500,-5.7651,122.4000,-3.5993,122.0300,-3.8907,121.5800,-4.2451,122.5900,-3.4496
2026-02-01,BTC,EST,78252.0000,0,77422.0000,-1.0607,77679.0000,-0.7322,77945.0000,-0.3923,77096.0000,-1.4773,77021.0000,-1.5731,76480.0000,-2.2645,77169.0000,-1.3840,76888.0000,-1.7431,77591.0000,-0.8447,77442.0000,-1.0351,76433.0000,-2.3245,76201.0000,-2.6210,75827.0000,-3.0990
2026-02-01,SOL,EST,104.4500,0,101.7300,-2.6041,102.4400,-1.9244,103.4400,-0.9670,101.9400,-2.4031,101.5900,-2.7382,100.8500,-3.4466,101.7900,-2.5467,100.7800,-3.5136,102.2800,-2.0775,102.1000,-2.2499,100.7500,-3.5424,100.0800,-4.1838,100.3000,-3.9732
2026-02-08,BTC,EST,71467.0000,0,70365.0000,-1.5420,70743.0000,-1.0131,71086.0000,-0.5331,71382.0000,-0.1189,70802.0000,-0.9305,70662.0000,-1.1264,71023.0000,-0.6213,70283.0000,-1.6567,70465.0000,-1.4020,70334.0000,-1.5853,70588.0000,-1.2299,71242.0000,-0.3148,70943.0000,-0.7332
2026-02-08,SOL,EST,88.5700,0,86.2200,-2.6533,86.9600,-1.8178,87.8400,-0.8242,88.4100,-0.1806,86.8900,-1.8968,86.6100,-2.2129,87.1200,-1.6371,86.9900,-1.7839,87.0600,-1.7049,86.4200,-2.4275,87.0200,-1.7500,87.6700,-1.0161,87.1200,-1.6371
2026-02-15,BTC,EST,68900.0000,0,68988.0000,0.1277,68563.0000,-0.4891,68413.0000,-0.7068,68249.0000,-0.9448,68414.0000,-0.7054,68812.0000,-0.1277,68954.0000,0.0784,68792.0000,-0.1567,68817.0000,-0.1205,68598.0000,-0.4383,68299.0000,-0.8723,68392.0000,-0.7373,68825.0000,-0.1089
2026-02-15,SOL,EST,86.9600,0,87.5700,0.7015,86.4300,-0.6095,86.2100,-0.8625,85.3500,-1.8514,85.8800,-1.2420,86.1800,-0.8970,86.3600,-0.6900,86.1500,-0.9315,86.1800,-0.8970,85.7600,-1.3799,85.4000,-1.7939,85.1500,-2.0814,85.7900,-1.3454
2026-02-22,BTC,EST,67633.0000,0,67607.0000,-0.0384,67358.0000,-0.4066,67404.0000,-0.3386,67395.0000,-0.3519,67384.0000,-0.3682,67581.0000,-0.0769,67635.0000,0.0030,67612.0000,-0.0310,66716.0000,-1.3558,64408.0000,-4.7684,64779.0000,-4.2198,64933.0000,-3.9921,64800.0000,-4.1888
2026-02-22,SOL,EST,83.9900,0,83.5800,-0.4882,83.0600,-1.1073,83.2200,-0.9168,83.3000,-0.8215,83.0300,-1.1430,83.5000,-0.5834,83.5800,-0.4882,82.8000,-1.4168,81.3700,-3.1194,77.9700,-7.1675,77.8700,-7.2866,77.6600,-7.5366,77.3900,-7.8581
2026-03-01,BTC,EST,66941.0000,0,66139.0000,-1.1981,66006.0000,-1.3968,66319.0000,-0.9292,65969.0000,-1.4520,65300.0000,-2.4514,65675.0000,-1.8912,65245.0000,-2.5336,65776.0000,-1.7403,66506.0000,-0.6498,66531.0000,-0.6125,66290.0000,-0.9725,66821.0000,-0.1793,66858.0000,-0.1240
2026-03-01,SOL,EST,86.0900,0,83.9900,-2.4393,83.8900,-2.5555,83.9300,-2.5090,83.2300,-3.3221,81.9800,-4.7741,82.9300,-3.6706,82.7200,-3.9145,83.6100,-2.8807,85.0000,-1.2661,84.6200,-1.7075,84.1500,-2.2535,84.7800,-1.5217,84.3100,-2.0676
2026-03-08,BTC,EDT,67325.0000,0,67214.0000,-0.1649,66878.0000,-0.6639,67057.0000,-0.3981,66816.0000,-0.7560,67318.0000,-0.0104,67219.0000,-0.1574,67003.0000,-0.4783,66235.0000,-1.6190,65974.0000,-2.0067,66361.0000,-1.4319,66205.0000,-1.6636,66529.0000,-1.1823,67215.0000,-0.1634
2026-03-08,SOL,EDT,82.3200,0,82.0600,-0.3158,81.5300,-0.9597,81.6900,-0.7653,81.6000,-0.8746,82.4800,0.1944,82.3400,0.0243,82.2600,-0.0729,81.9900,-0.4009,81.6000,-0.8746,82.3500,0.0364,82.1100,-0.2551,82.6700,0.4252,83.1600,1.0204
2026-03-15,BTC,EDT,71620.0000,0,71494.0000,-0.1759,71444.0000,-0.2457,71830.0000,0.2932,71405.0000,-0.3002,71566.0000,-0.0754,71742.0000,0.1703,72123.0000,0.7023,72762.0000,1.5945,72849.0000,1.7160,72542.0000,1.2873,72758.0000,1.5889,72540.0000,1.2846,73592.0000,2.7534
2026-03-15,SOL,EDT,88.2700,0,87.9000,-0.4192,87.5500,-0.8157,88.4400,0.1926,87.9200,-0.3965,88.1900,-0.0906,88.7600,0.5551,90.0000,1.9599,92.6500,4.9620,92.3100,4.5769,92.0200,4.2483,92.1100,4.3503,91.4800,3.6366,93.1700,5.5511
2026-03-22,BTC,EDT,68649.0000,0,68849.0000,0.2913,68782.0000,0.1937,68676.0000,0.0393,68620.0000,-0.0422,68200.0000,-0.6541,68175.0000,-0.6905,67885.0000,-1.1129,68322.0000,-0.4763,67853.0000,-1.1595,67657.0000,-1.4450,67902.0000,-1.0881,68302.0000,-0.5055,68054.0000,-0.8667
2026-03-22,SOL,EDT,87.2700,0,87.5800,0.3552,87.4800,0.2406,87.2600,-0.0115,87.0100,-0.2979,86.8700,-0.4583,86.5800,-0.7906,86.0000,-1.4553,86.7500,-0.5959,86.2100,-1.2146,85.9000,-1.5698,86.1000,-1.3407,86.7100,-0.6417,86.3900,-1.0084
2026-03-29,BTC,EDT,66786.0000,0,66468.0000,-0.4761,66451.0000,-0.5016,66331.0000,-0.6813,66373.0000,-0.6184,66290.0000,-0.7427,66548.0000,-0.3564,66633.0000,-0.2291,65817.0000,-1.4509,65961.0000,-1.2353,66231.0000,-0.8310,66593.0000,-0.2890,67059.0000,0.4088,67098.0000,0.4672
2026-03-29,SOL,EDT,82.4500,0,81.8200,-0.7641,81.7100,-0.8975,81.5600,-1.0794,81.8100,-0.7762,81.6200,-1.0067,81.9300,-0.6307,82.1500,-0.3639,80.9400,-1.8314,81.4500,-1.2129,81.8900,-0.6792,82.7200,0.3275,83.3400,1.0794,83.2700,0.9945
2026-04-05,BTC,EDT,66774.0000,0,67295.0000,0.7802,67198.0000,0.6350,67348.0000,0.8596,67385.0000,0.9150,67343.0000,0.8521,67638.0000,1.2939,67528.0000,1.1292,68321.0000,2.3168,69005.0000,3.3411,69066.0000,3.4325,68763.0000,2.9787,69188.0000,3.6152,69100.0000,3.4834
2026-04-05,SOL,EDT,79.0100,0,79.5900,0.7341,79.4700,0.5822,79.8900,1.1138,79.9600,1.2024,79.8300,1.0378,80.1600,1.4555,79.7400,0.9239,80.5800,1.9871,81.8900,3.6451,82.3300,4.2020,81.7000,3.4046,82.4100,4.3033,82.1100,3.9236
2026-04-12,BTC,EDT,71111.0000,0,70917.0000,-0.2728,70957.0000,-0.2166,71171.0000,0.0844,71170.0000,0.0830,71117.0000,0.0084,71367.0000,0.3600,71394.0000,0.3980,70899.0000,-0.2981,70742.0000,-0.5189,71201.0000,0.1266,71226.0000,0.1617,71099.0000,-0.0169,71005.0000,-0.1491
2026-04-12,SOL,EDT,82.0100,0,81.5900,-0.5121,81.8800,-0.1585,82.1900,0.2195,82.1400,0.1585,81.9800,-0.0366,82.6800,0.8170,82.7900,0.9511,81.9800,-0.0366,81.5400,-0.5731,82.1500,0.1707,82.3300,0.3902,81.9500,-0.0732,81.9000,-0.1341
2026-04-19,BTC,EDT,75606.0000,0,75875.0000,0.3558,75413.0000,-0.2553,74810.0000,-1.0528,74830.0000,-1.0264,75004.0000,-0.7962,74662.0000,-1.2486,74461.0000,-1.5144,74059.0000,-2.0461,73834.0000,-2.3437,74312.0000,-1.7115,74619.0000,-1.3055,74460.0000,-1.5158,74665.0000,-1.2446
2026-04-19,SOL,EDT,85.7900,0,86.3500,0.6528,85.8500,0.0699,85.1400,-0.7577,85.1000,-0.8043,85.3300,-0.5362,84.9500,-0.9791,84.6900,-1.2822,83.7600,-2.3662,83.4700,-2.7043,84.0000,-2.0865,84.3600,-1.6669,84.2100,-1.8417,84.5900,-1.3988
2026-04-26,BTC,EDT,77845.0000,0,78066.0000,0.2839,77957.0000,0.1439,78046.0000,0.2582,78317.0000,0.6063,78250.0000,0.5203,78222.0000,0.4843,78422.0000,0.7412,78336.0000,0.6307,78666.0000,1.0547,79306.0000,1.8768,79305.0000,1.8755,79156.0000,1.6841,79123.0000,1.6417
2026-04-26,SOL,EDT,86.0900,0,86.5500,0.5343,86.4200,0.3833,86.5300,0.5111,86.8200,0.8479,86.8900,0.9293,86.6900,0.6969,86.8200,0.8479,86.7300,0.7434,86.9300,0.9757,87.3400,1.4520,87.8200,2.0095,87.8100,1.9979,87.7200,1.8934
2026-05-03,BTC,EDT,78734.0000,0,78670.0000,-0.0813,78654.0000,-0.1016,78729.0000,-0.0064,78732.0000,-0.0025,78767.0000,0.0419,78923.0000,0.2400,78827.0000,0.1181,79171.0000,0.5550,78563.0000,-0.2172,78542.0000,-0.2439,79756.0000,1.2980,80171.0000,1.8251,80312.0000,2.0042
2026-05-03,SOL,EDT,84.1100,0,84.1600,0.0594,84.1500,0.0476,84.2000,0.1070,84.2600,0.1783,84.3700,0.3091,84.3400,0.2735,84.1400,0.0357,84.6700,0.6658,83.9100,-0.2378,83.7800,-0.3923,84.7700,0.7847,85.2600,1.3673,85.4000,1.5337
2026-05-10,BTC,EDT,80913.0000,0,81413.0000,0.6179,81364.0000,0.5574,81460.0000,0.6760,81269.0000,0.4400,81420.0000,0.6266,80713.0000,-0.2472,80675.0000,-0.2941,82054.0000,1.4102,82197.0000,1.5869,81450.0000,0.6637,81493.0000,0.7168,81166.0000,0.3127,80716.0000,-0.2435
2026-05-10,SOL,EDT,93.3100,0,94.5300,1.3075,94.8400,1.6397,96.4900,3.4080,96.4300,3.3437,96.4700,3.3866,94.5100,1.2860,95.0700,1.8862,96.2400,3.1401,96.4600,3.3758,95.7900,2.6578,96.0500,2.9364,95.3000,2.1327,94.7600,1.5540
2026-05-17,BTC,EDT,78333.0000,0,78022.0000,-0.3970,78008.0000,-0.4149,78059.0000,-0.3498,78235.0000,-0.1251,78384.0000,0.0651,78235.0000,-0.1251,78346.0000,0.0166,77951.0000,-0.4877,77419.0000,-1.1668,77148.0000,-1.5128,77067.0000,-1.6162,76805.0000,-1.9506,76891.0000,-1.8409
2026-05-17,SOL,EDT,86.7600,0,86.4600,-0.3458,86.3100,-0.5187,86.2400,-0.5994,86.4300,-0.3804,86.8000,0.0461,86.6800,-0.0922,86.9300,0.1959,86.2400,-0.5994,85.2300,-1.7635,85.3500,-1.6252,84.9800,-2.0516,84.8800,-2.1669,84.8500,-2.2015
2026-05-24,BTC,EDT,77019.9900,0,76278.0400,-0.9633,76577.0000,-0.5752,76609.3100,-0.5332,76567.8700,-0.5870,76668.0000,-0.4570,76559.8700,-0.5974,76051.0100,-1.2581,76708.0100,-0.4051,76974.8800,-0.0586,77083.0000,0.0818,76847.3100,-0.2242,77019.0000,-0.0013,76942.3200,-0.1008
2026-05-24,SOL,EDT,86.3600,0,85.3000,-1.2274,85.6500,-0.8221,85.6400,-0.8337,85.4100,-1.1000,85.3800,-1.1348,84.7600,-1.8527,83.9600,-2.7791,85.0000,-1.5748,85.2700,-1.2622,85.5000,-0.9958,84.8700,-1.7253,85.0800,-1.4822,84.9500,-1.6327
2026-05-31,BTC,EDT,73810.0000,0,73545.4300,-0.3584,73422.8800,-0.5245,73613.0200,-0.2669,73505.9400,-0.4119,73460.9800,-0.4729,73639.2700,-0.2313,73776.0000,-0.0461,73839.0000,0.0393,73568.0000,-0.3279,73783.0000,-0.0366,73182.8200,-0.8497,73695.0000,-0.1558,73660.4400,-0.2026
2026-05-31,SOL,EDT,82.8200,0,81.8800,-1.1350,81.5800,-1.4972,81.8700,-1.1471,81.7500,-1.2920,81.5900,-1.4851,81.9700,-1.0263,82.3100,-0.6158,82.5200,-0.3622,82.4500,-0.4468,82.8300,0.0121,81.7600,-1.2799,82.6800,-0.1690,82.6300,-0.2294
2026-06-07,BTC,EDT,61859.2100,0,62074.6400,0.3483,62054.9900,0.3165,62134.1200,0.4444,62004.3400,0.2346,61308.2200,-0.8907,61848.2000,-0.0178,61748.2200,-0.1794,62831.8600,1.5724,63306.5600,2.3397,63603.0500,2.8190,63199.9700,2.1674,63100.8500,2.0072,63097.5000,2.0018
2026-06-07,SOL,EDT,64.3300,0,64.9900,1.0260,65.1500,1.2747,65.3300,1.5545,64.9600,0.9793,63.9400,-0.6062,64.6900,0.5596,64.6400,0.4819,65.8200,2.3162,66.5000,3.3732,66.7200,3.7152,66.1900,2.8913,66.4600,3.3111,66.3700,3.1711
2026-06-14,BTC,EDT,64297.4800,0,63993.4500,-0.4728,63912.0100,-0.5995,63699.7000,-0.9297,63775.6800,-0.8115,63767.1700,-0.8248,63968.0100,-0.5124,65282.0000,1.5312,65382.7700,1.6879,65713.1900,2.2018,65588.3700,2.0077,65480.3500,1.8397,65432.5900,1.7654,65892.2900,2.4804
2026-06-14,SOL,EDT,67.7800,0,67.4300,-0.5164,67.4800,-0.4426,67.3400,-0.6492,67.4300,-0.5164,67.5700,-0.3098,67.8000,0.0295,70.1600,3.5114,70.4500,3.9392,71.2900,5.1785,71.1300,4.9425,71.0000,4.7507,70.9800,4.7212,71.2400,5.1048
2026-06-21,BTC,EDT,64122.0000,0,64134.4800,0.0195,64063.9900,-0.0905,64064.6200,-0.0895,64132.3300,0.0161,64125.9200,0.0061,63774.6100,-0.5418,63728.0000,-0.6145,63720.0100,-0.6269,63237.1700,-1.3799,63809.2800,-0.4877,64529.0100,0.6347,64172.4500,0.0787,63887.5700,-0.3656
2026-06-21,SOL,EDT,73.6500,0,74.1400,0.6653,74.3400,0.9369,74.2500,0.8147,74.2100,0.7604,74.4200,1.0455,73.4300,-0.2987,73.1400,-0.6925,73.0500,-0.8147,72.4700,-1.6022,73.3700,-0.3802,74.3700,0.9776,73.8400,0.2580,73.5300,-0.1629
2026-06-28,BTC,EDT,60211.1100,0,59801.9700,-0.6795,59601.3900,-1.0126,59500.5300,-1.1801,59528.8800,-1.1331,59389.9900,-1.3637,59564.8900,-1.0733,59351.9800,-1.4269,58971.3000,-2.0591,59473.2900,-1.2254,59562.1800,-1.0778,59343.7900,-1.4405,59649.6500,-0.9325,59948.9200,-0.4355
2026-06-28,SOL,EDT,71.8700,0,72.0900,0.3061,71.5600,-0.4313,71.5500,-0.4452,71.1800,-0.9601,70.7300,-1.5862,70.9200,-1.3218,70.4700,-1.9480,70.2300,-2.2819,71.3900,-0.6679,71.6600,-0.2922,71.4900,-0.5287,72.1900,0.4452,72.6800,1.1270
2026-07-05,BTC,EDT,62681.1000,0,62680.0000,-0.0018,62582.5800,-0.1572,62576.9100,-0.1662,62763.7800,0.1319,62721.5600,0.0645,62684.7100,0.0058,63040.4600,0.5733,63679.6500,1.5931,63587.0500,1.4453,63698.1900,1.6226,63506.1400,1.3163,63396.5300,1.1414,63239.6400,0.8911
2026-07-05,SOL,EDT,80.7600,0,81.3600,0.7429,81.0900,0.4086,81.1400,0.4705,81.0100,0.3096,81.0400,0.3467,81.0800,0.3962,81.8000,1.2878,81.8200,1.3125,81.5900,1.0277,82.2000,1.7831,81.5400,0.9658,81.0100,0.3096,80.8000,0.0495
2026-07-12,BTC,EDT,63989.6000,0,64135.3700,0.2278,64130.6400,0.2204,64041.5100,0.0811,64106.6500,0.1829,64195.3100,0.3215,64164.6900,0.2736,63880.6200,-0.1703,63851.7100,-0.2155,63743.5100,-0.3846,64021.6700,0.0501,63379.0000,-0.9542,63329.8400,-1.0310,62754.1100,-1.9308
2026-07-12,SOL,EDT,77.1900,0,77.4700,0.3627,77.5500,0.4664,77.3500,0.2073,77.5800,0.5052,77.6700,0.6218,77.4600,0.3498,77.1000,-0.1166,76.7700,-0.5441,76.9200,-0.3498,77.5200,0.4275,76.3200,-1.1271,76.4800,-0.9198,75.8700,-1.7101
2026-07-19,BTC,EDT,64402.3100,0,64532.5300,0.2022,64500.0100,0.1517,64502.2200,0.1551,64370.2900,-0.0497,64414.2600,0.0186,64489.0600,0.1347,64367.1500,-0.0546,64629.7400,0.3531,64688.7000,0.4447,64502.6300,0.1558,64587.3900,0.2874,64782.7800,0.5908,64817.3100,0.6444
2026-07-19,SOL,EDT,76.0200,0,76.2200,0.2631,75.9200,-0.1315,75.9600,-0.0789,75.7600,-0.3420,75.8900,-0.1710,76.1400,0.1579,75.7800,-0.3157,76.1000,0.1052,76.3800,0.4736,76.5700,0.7235,76.3900,0.4867,76.9800,1.2628,76.7600,0.9734
2026-07-26,BTC,EDT,64409.3900,0,64710.3900,0.4673,64672.2200,0.4081,64628.0000,0.3394,64683.6000,0.4257,64645.4200,0.3665,64599.0000,0.2944,64790.3700,0.5915,65350.6400,1.4614,65338.8800,1.4431,65071.9500,1.0287,65143.0600,1.1391,65114.3900,1.0946,65224.7000,1.2658
2026-07-26,SOL,EDT,74.8900,0,75.4800,0.7878,75.5300,0.8546,75.3800,0.6543,75.4000,0.6810,75.3400,0.6009,75.3300,0.5875,75.6500,1.0148,76.7200,2.4436,76.7700,2.5103,76.3400,1.9362,76.5300,2.1899,76.4400,2.0697,76.4100,2.0296
2026-08-02,BTC,EDT,63058.4500,0,63045.8800,-0.0199,63114.7800,0.0893,63229.4100,0.2711,63294.7300,0.3747,63377.1900,0.5055,63429.5500,0.5885,63504.0700,0.7067,63350.0000,0.4623,63499.9900,0.7002,63236.3500,0.2821,63129.0100,0.1119,63063.4300,0.0079,62782.0000,-0.4384
2026-08-02,SOL,EDT,72.9000,0,73.0300,0.1783,73.1400,0.3292,73.3100,0.5624,73.5600,0.9053,73.7200,1.1248,73.6900,1.0837,74.0000,1.5089,73.6400,1.0151,73.6400,1.0151,73.2200,0.4390,73.0100,0.1509,73.0300,0.1783,72.9000,0.0000
2026-08-09,BTC,EDT,64900.4300,0,65177.1300,0.4263,65187.0900,0.4417,65153.4400,0.3898,65154.9800,0.3922,65137.4200,0.3652,65090.5400,0.2929,65152.6900,0.3887,65015.1800,0.1768,64857.2600,-0.0665,64920.4500,0.0308,65144.2600,0.3757,65043.7800,0.2209,64926.2000,0.0397
2026-08-09,SOL,EDT,76.3600,0,77.4200,1.3882,77.3200,1.2572,77.1700,1.0608,77.2100,1.1131,77.2200,1.1262,77.2600,1.1786,77.3600,1.3096,76.8100,0.5893,76.2600,-0.1310,76.5500,0.2488,76.9100,0.7203,76.8200,0.6024,76.6400,0.3667
2026-08-16,BTC,EDT,62935.7000,0,63067.0200,0.2087,63188.7400,0.4021,63089.0200,0.2436,63077.7200,0.2257,63043.1700,0.1708,63002.2300,0.1057,62866.5600,-0.1099,62840.6000,-0.1511,62831.6500,-0.1653,62849.3000,-0.1373,63043.2500,0.1709,63338.1400,0.6394,63368.0500,0.6870
2026-08-16,SOL,EDT,75.2300,0,75.5700,0.4519,75.5600,0.4387,75.2700,0.0532,75.1900,-0.0532,75.2200,-0.0133,75.0300,-0.2659,74.3400,-1.1830,74.5200,-0.9438,74.6200,-0.8108,74.6200,-0.8108,75.1000,-0.1728,75.4900,0.3456,75.5200,0.3855
2026-08-23,BTC,EDT,77201.6200,0,77132.4400,-0.0896,77404.5900,0.2629,77173.9100,-0.0359,77340.0100,0.1793,77327.9300,0.1636,77387.0800,0.2402,77849.9900,0.8398,77599.8600,0.5158,77723.5800,0.6761,77664.1500,0.5991,76923.2400,-0.3606,77475.8200,0.3552,76936.6000,-0.3433
2026-08-23,SOL,EDT,94.5900,0,95.3700,0.8246,95.4200,0.8775,95.1100,0.5497,95.3000,0.7506,95.0800,0.5180,95.0700,0.5075,95.3600,0.8140,95.5900,1.0572,95.4400,0.8986,95.5500,1.0149,93.8700,-0.7612,94.5900,0.0000,93.6600,-0.9832
2026-08-30,BTC,EDT,78781.0400,0,78807.8100,0.0340,79327.9500,0.6942,79009.3500,0.2898,79032.4700,0.3192,78857.5800,0.0972,78591.6100,-0.2405,78641.0200,-0.1777,78420.3700,-0.4578,77659.1500,-1.4241,77919.5100,-1.0936,77629.8800,-1.4612,77458.7100,-1.6785,77747.4900,-1.3119
2026-08-30,SOL,EDT,106.1100,0,106.2900,0.1696,106.9000,0.7445,106.4100,0.2827,106.6900,0.5466,105.8200,-0.2733,104.7700,-1.2628,104.4600,-1.5550,103.8200,-2.1581,101.7500,-4.1089,102.1400,-3.7414,101.5100,-4.3351,101.4600,-4.3822,101.9500,-3.9205
2026-09-06,BTC,EDT,79927.8000,0,79705.8800,-0.2777,79674.2300,-0.3172,79735.0300,-0.2412,79941.6500,0.0173,79820.8100,-0.1339,79907.7900,-0.0250,79939.8900,0.0151,80046.4500,0.1484,80338.9800,0.5144,80152.2800,0.2809,79925.0100,-0.0035,79863.9100,-0.0799,79589.5600,-0.4232
2026-09-06,SOL,EDT,106.1800,29,105.8400,-0.3202,106.2000,0.0188,106.3400,0.1507,105.5800,-0.5651,105.6300,-0.5180,106.0600,-0.1130,105.2300,-0.8947,106.3900,0.1978,,,105.3700,-0.7629,105.6600,-0.4897,105.2200,-0.9041,105.2200,-0.9041
